--  join 연습을 위한 테이블 SQL 

DROP TABLE DEPT;

-- 부서 테이블 (부모테이블)
CREATE TABLE DEPT(
DEPTNO NUMBER PRIMARY KEY,
DNAME VARCHAR2(14) ,
LOC VARCHAR2(13) 
) ;

DROP TABLE EMP;
select * from emp;
-- 사원 테이블 
-- foreign key ( 부서 정보를 참조)  -- 참조하기 때문에 자식테이블ㄴ
CREATE TABLE EMP
 (EMPNO NUMBER  PRIMARY KEY, -- 사원번호
 ENAME VARCHAR2(10),--사원명
 JOB VARCHAR2(9),-- 직종
 MGR NUMBER, -- 매니저 사원 번호 
 HIREDATE DATE, -- 입사일 
 SAL NUMBER, -- 월급
 COMM NUMBER, -- 커미션  
 DEPTNO NUMBER,
 CONSTRAINT fk_deptno2 FOREIGN KEY(deptno) REFERENCES DEPT(deptno)
);

INSERT INTO DEPT VALUES
 (10,'ACCOUNTING','NEW YORK');
INSERT INTO DEPT VALUES (20,'RESEARCH','DALLAS');
INSERT INTO DEPT VALUES
 (30,'SALES','CHICAGO');
INSERT INTO DEPT VALUES
 (40,'OPERATIONS','BOSTON');
 
INSERT INTO EMP VALUES
(7369,'SMITH','CLERK',7902,to_date('17-12-1980','dd-mm-yyyy'),800,NULL,20);
INSERT INTO EMP VALUES
(7499,'ALLEN','SALESMAN',7698,to_date('20-2-1981','dd-mm-yyyy'),1600,300,30);
INSERT INTO EMP VALUES
(7521,'WARD','SALESMAN',7698,to_date('22-2-1981','dd-mm-yyyy'),1250,500,30);
INSERT INTO EMP VALUES
(7566,'JONES','MANAGER',7839,to_date('2-4-1981','dd-mm-yyyy'),2975,NULL,20);
INSERT INTO EMP VALUES
(7654,'MARTIN','SALESMAN',7698,to_date('28-9-1981','dd-mm-yyyy'),1250,1400,30);
INSERT INTO EMP VALUES
(7698,'BLAKE','MANAGER',7839,to_date('1-5-1981','dd-mm-yyyy'),2850,NULL,30);
INSERT INTO EMP VALUES
(7782,'CLARK','MANAGER',7839,to_date('9-6-1981','dd-mm-yyyy'),2450,NULL,10);
INSERT INTO EMP VALUES
(9999,'KOSTA','CLERK',6786,to_date('23-1-1982','dd-mm-yyyy'),1300,NULL,10);
INSERT INTO EMP VALUES
(7788,'SCOTT','ANALYST',7566,to_date('13-7-1987','dd-mm-yyyy'),3000,NULL,20);
INSERT INTO EMP VALUES
(7839,'KING','PRESIDENT',NULL,to_date('17-11-1981','dd-mm-yyyy'),5000,NULL,10);
INSERT INTO EMP VALUES
(7844,'TURNER','SALESMAN',7698,to_date('8-9-1981','dd-mm-yyyy'),1500,0,30);
INSERT INTO EMP VALUES
(7876,'ADAMS','CLERK',7788,to_date('13-7-1987','dd-mm-yyyy'),1100,NULL,20);
INSERT INTO EMP VALUES
(7900,'JAMES','CLERK',7698,to_date('3-12-1981','dd-mm-yyyy'),950,NULL,30);
INSERT INTO EMP VALUES
(7902,'FORD','ANALYST',7566,to_date('3-12-1981','dd-mm-yyyy'),3000,NULL,20);
INSERT INTO EMP VALUES
(7934,'MILLER','CLERK',7782,to_date('23-1-1982','dd-mm-yyyy'),1300,NULL,10);
INSERT INTO EMP VALUES
(1234,'kosta','CLERK',7782,to_date('23-1-1982','dd-mm-yyyy'),1300,NULL,10);
INSERT INTO EMP VALUES
(1002,'KOSTA','CLERK',7782,to_date('23-1-1982','dd-mm-yyyy'),1300,NULL,10);

COMMIT

SELECT count(*) FROM dept; -- 4
SELECT count(*) FROM emp; -- 14

SELECT * FROM emp;

DROP TABLE salgrade;
CREATE TABLE salgrade(
     grade number PRIMARY KEY,
     losal number,
     hisal number
 )
 
INSERT INTO salgrade(grade,losal,hisal) VALUES(1,700,1200); 
INSERT INTO salgrade(grade,losal,hisal) VALUES(2,1201,1400);  
INSERT INTO salgrade(grade,losal,hisal) VALUES(3,1401,2000);  
INSERT INTO salgrade(grade,losal,hisal) VALUES(4,2001,3000);   
INSERT INTO salgrade(grade,losal,hisal) VALUES(5,3001,9999); 

select * from salgrade;
COMMIT

SELECT COUNT(*) FROM salgrade;

SELECT * FROM salgrade;
SELECT * FROM emp;
    
SELECT count(*) FROM emp WHERE deptno=30;

SELECT ename FROM emp;
-- S 가 포함된 사원정보를 조회 
SELECT ename,job,sal FROM emp WHERE ename LIKE '%S%';
    
    







    
    
    
    
    
    
    
    
    
    
    